[
    {
        "component_name": "",
        "root_vs": "653c63ba4a73ca8b",
        "draw_vb": "f41c47cf",
        "position_vb": "85282151",
        "blend_vb": "02089582",
        "texcoord_vb": "0f18519e",
        "ib": "231723d2",
        "object_indexes": [
            0,
            12015,
            46248
        ],
        "object_classifications": [
            "Head",
            "Body",
            "Dress"
        ],
        "texture_hashes": [
            [
                [
                    "Diffuse",
                    ".dds",
                    "d9d24fbf"
                ],
                [
                    "LightMap",
                    ".dds",
                    "f89f1ed6"
                ],
                [
                    "MetalMap",
                    ".dds",
                    "b0e08915"
                ],
                [
                    "ShadowRamp",
                    ".jpg",
                    "7eb5b84e"
                ]
            ],
            [
                [
                    "Diffuse",
                    ".dds",
                    "d5fd9da6"
                ],
                [
                    "LightMap",
                    ".dds",
                    "0c0ce0ef"
                ],
                [
                    "MetalMap",
                    ".dds",
                    "b0e08915"
                ],
                [
                    "ShadowRamp",
                    ".jpg",
                    "7eb5b84e"
                ]
            ],
            [
                [
                    "Diffuse",
                    ".dds",
                    "d5fd9da6"
                ],
                [
                    "LightMap",
                    ".dds",
                    "0c0ce0ef"
                ],
                [
                    "MetalMap",
                    ".dds",
                    "b0e08915"
                ],
                [
                    "ShadowRamp",
                    ".jpg",
                    "7eb5b84e"
                ]
            ]
        ],
        "first_vs": "8ebb431df482b328"
    },
    {
        "component_name": "Face",
        "draw_vb": "",
        "position_vb": "",
        "blend_vb": "",
        "texcoord_vb": "",
        "ib": "",
        "object_indexes": [
            0
        ],
        "object_classifications": [
            "Head"
        ],
        "texture_hashes": [
            [
                [
                    "Diffuse",
                    ".dds",
                    "d9f80241"
                ],
                [
                    "LightMap",
                    ".dds",
                    "4e3376db"
                ],
                [
                    "Shadow",
                    ".dds",
                    "3f396398"
                ],
                [
                    "ShadowRamp",
                    ".jpg",
                    "7eb5b84e"
                ]
            ]
        ],
        "first_vs": "3253ba6720db7979"
    }
]